ID,Lat,Long,Altitude,Type,Name,Description,Category
3,34.86416666666667,-118.17083333333333,2375,T,RosamondInt.,"
",Control Points
4,35.1025,-118.43138888888889,4220,TA,ThchpMtnVlly,"123.0
",Control Points
9,36.226111111111116,-117.97916666666667,3840,T,HaiweeResrvr,"
",Control Points
10,36.25944444444445,-117.59694444444445,4670,TL,Darwin,"N/S 22x6D slope to so some     ,
",Control Points
11,36.339444444444446,-117.42277777777778,1576,TL,PanamintSp,"180x55 D E/W extreme slop toE emergency only
",Control Points
12,35.80472222222222,-117.32777777777777,1650,TA,Trona AP    ,"17/35 43A
",Control Points
14,35.04194444444444,-116.44555555555556,1639,T,AftnCmntPlnt,"
",Control Points
15,34.79694444444444,-116.46194444444444,1974,T,Hector VTC  ,"
",Control Points
17,34.88916666666667,-117.08749999999999,2100,T,BarstowRRYrd,"
",Control Points
18,34.81027777777778,-117.29805555555555,2467,T,HelendaleRdr,"
",Control Points
21,34.44361111111111,-116.94944444444445,2940,T,LucernVllynt,"
",Control Points
22,35.38472222222222,-118.22666666666667,4119,T,KelsoVallyRc,"
",Control Points
23,34.337500000000006,-116.57666666666667,3347,TA,Valley Vista,"N/S 75x4D slp N
",Control Points
25,34.259166666666665,-116.88333333333334,6748,T,Big Bear    ,"
",Control Points
26,34.36555555555556,-117.64250000000001,5931,T,Wrightwood  ,"
",Control Points
30,35.3125,-117.985,2099,T,Rd XN Cal   ,"
",Control Points
32,34.91583333333333,-118.52222222222223,3857,T,Radar Site  ,"
",Control Points
33,34.907222222222224,-118.30805555555555,2730,TA,LloydsLandng,"06/24 6x23D lights
",Control Points
34,35.029444444444444,-117.71222222222222,2389,TA,Borax       ,"06/24 34A
",Control Points
35,34.9925,-117.54083333333332,2473,T,Four Corner ,"E/W 5x2D lines E end
",Control Points
36,35.425555555555555,-117.73611111111111,2475,TL,Goler Wash,"6x14 d rough/emergency only  
",Control Points
37,35.981944444444444,-117.89972222222222,3343,TL,Cindercone drlk,"NW/SE  obsticles
",Control Points
38,35.58916666666667,-117.63694444444445,2490,TA,Tera Airport,"06/24 35T
",Control Points
39,35.422777777777775,-118.07666666666667,4200,T,Smugglers   ,"
",Control Points
40,35.72361111111111,-118.41944444444445,2614,TA,Kern Valley ,"17/35 35A
",Control Points
41,35.96527777777778,-116.26777777777778,1568,TA,Shoshone AP ,"15/33 3x24A L slp S 122.9
",Control Points
42,37.48583333333333,-117.19083333333333,4684,AT,Lida Junc   ,"18/36 65D
",Control Points
47,35.55444444444444,-117.92500000000001,3068,TL,CalTransQrry,"N/S 75x1D rough 
",Control Points
48,36.42611111111111,-118.05749999999999,3800,T,CttnwdPwr.Pl,"
",Control Points
49,35.60305555555556,-117.92055555555557,3440,T,Hwy14Hwy178n,"
",Control Points
50,37.166666666666664,-118.06666666666666,4000,T,WestgrdPssRc,"
",Control Points
52,36.58916666666667,-118.23277777777778,8110,T,WhitneyPortl,"
",Control Points
53,36.261944444444445,-117.1725,4950,T,WldrsRngrSt.,"
",Control Points
54,35.669444444444444,-117.38055555555555,1646,T,SerlsDryLkSW,"
",Control Points
61,35.29683333333333,-117.985,2058,L,Cantil So,"obsticles ew direction
",Off-field Landing Sites
62,35.25833333333333,-117.97500000000001,2000,L,HondaRacTrck,"W end diag end rd is rnwy
",Off-field Landing Sites
63,35.0,-117.825,2300,L,EdwrdsNDryLk,"
",Off-field Landing Sites
64,35.00361111111111,-117.60694444444444,2499,L,Boron       ,"07/25 23D
",Off-field Landing Sites
65,34.925,-117.37166666666666,2400,T,Hawes       ,"
",Off-field Landing Sites
66,34.75805555555556,-117.49666666666667,2984,TA,Sun Hill Rc ,"07/25 53D
",Public Airports
67,34.71222222222222,-117.35083333333333,2510,TA,Palisades   ,"01/19 38D field N choice slp E
",Private Airports
69,34.56944444444445,-117.55555555555556,3042,T,Krey        ,"07/25 34D
",Private Airports
70,34.5375,-117.46055555555556,3075,TA,Adelanto    ,"E/W 51D
",Private Airports
71,34.58388888888889,-117.26666666666667,2800,TA,Osborne CHP ,"02/20 6x26A
",Private Airports
73,34.515277777777776,-117.76194444444444,3230,TA,Brian       ,"03/21 6x14D lights 
",Private Airports
74,34.45,-116.69166666666668,2900,L,Soggy Dry Lk,"open- N side better rec vehicles
",Off-field Landing Sites
75,34.833333333333336,-116.56666666666666,1750,L,Troy Dry Lk ,"
",Off-field Landing Sites
76,34.961666666666666,-116.67527777777778,1825,L,Harvard,"07/25 6x26D fence bothsides
",Off-field Landing Sites
77,35.30833333333333,-117.46666666666667,2900,L,CddybckDryLk,"
",Off-field Landing Sites
78,34.85638888888889,-117.1375,2313,L,Depue,"01/19 5x18D lights     
",Off-field Landing Sites
79,34.69472222222222,-118.28305555555555,2410,L,Bohunk      ,"09/27 19D
",Off-field Landing Sites
80,34.825833333333335,-118.4005,2600,L,Skyotee ,"07/25 26D U
",Off-field Landing Sites
82,34.45444444444445,-117.02638888888889,2942,L,Rabitt DryLk,"08/26 35D r/c field N S of rd ok
",Off-field Landing Sites
83,35.05,-117.31666666666666,2400,L,HarperDryLkW,"
",Off-field Landing Sites
84,35.18333333333333,-117.60833333333333,2800,L,Lorett DryLk,"
",Off-field Landing Sites
85,34.629444444444445,-118.08444444444444,2543,TA,Palmdale AF ,"04/22 120A
",Military Airports
86,34.833333333333336,-117.86666666666666,2320,L,EdwrdsSDryLk,"
",Off-field Landing Sites
87,34.86666666666667,-118.1,2315,L,RosmndNDryLk,"
",Off-field Landing Sites
88,34.8,-118.1,2315,L,RosmndSDryLk,"
",Off-field Landing Sites
89,34.93333333333333,-116.88333333333334,2000,L,Calico DryLk,"lines s end
",Off-field Landing Sites
90,36.60416666666667,-117.15916666666668,25,TA,StovePipWlls,"05/23 33A
",Public Airports
91,36.041666666666664,-117.23333333333333,1100,L,BallartDryLk,"
",Off-field Landing Sites
92,34.42055555555555,-116.61055555555555,2793,TA,B and E Rc  ,"N/S 26D
",Private Airports
93,34.414722222222224,-116.62249999999999,2850,TA,Abraham Rc  ,"09/27 40D
",Private Airports
94,34.42361111111111,-116.61694444444444,2806,TA,Kelly       ,"12/30 30D
",Private Airports
95,34.63,-117.65333333333334,2885,TA,Hansen      ,"07/25 59D
",Private Airports
96,34.79416666666666,-118.2775,2433,TA,Little Butte,"06/24 29T
",Private Airports
97,34.58888888888889,-117.82583333333334,2700,TA,Nichols,"10/28 1x26D fenced emergency only
",Private Airports
98,34.942499999999995,-118.16972222222223,2610,TA,Bacus    ,"03/21 19D
",Private Airports
99,33.85666666666667,-113.93116666666667,1250,L,Utting,"E/W 6x3D pwrlns E end private
",Private Airports
100,34.76777777777777,-118.73166666666667,3370,TA,Quail Lake  ,"08/26 50x3000A slp west
",Private Airports
120,35.407222222222224,-118.5,3485,TA,Flying S Rc ,"07/25    38D
",Private Airports
121,35.35055555555556,-116.88833333333334,3038,TA,GoldstoneGTS,"04/22    60A
",Private Airports
122,35.11388888888889,-118.59805555555555,3840,TA,PSK Ranch   ,"05/23    29G
",Private Airports
123,35.27483333333333,-116.6245,2370,L,Bicycle,"
",Military Airports
124,35.687777777777775,-117.69055555555556,2283,TA,ChnLkNWSrmtg,"03/21   100A
",Military Airports
125,34.905,-117.88361111111112,2302,TA,Edwards AFB ,"
",Military Airports
126,34.990833333333335,-117.86305555555555,2300,TA,EdwardsFxNBs,"06/24    60A
",Military Airports
127,34.26361111111111,-116.85444444444444,6748,TA,Big Bear    ,"08/26  23.05 123.05 axw135.925
",Public Airports
128,35.13527777777778,-118.43972222222223,3996,TA,Tehachapi   ,"11/29   23.0
",Public Airports
129,36.25833333333333,-118.00833333333334,3700,TA,Olancha," NE/SW 5x15D soft  bushes obs SW    
",Public Airports
130,34.16277777777778,-116.04805555555555,1800,TA,Cones       ,"05/23    14D
",Private Airports
131,34.76111111111111,-119.05888888888889,5160,TA,ConoverArLdg,"16/34    30D
",Private Airports
132,37.20194444444445,-118.47638888888889,9988,TA,Coyote Flats,"14/32   22.8
",Private Airports
133,34.16,-115.9975,1835,TA,Crosswinds  ,"09/27    26D
",Private Airports
134,35.25694444444444,-118.83333333333333,517,TA,Di GiorgioRc,"17/35    26A
",Private Airports
135,34.20611111111111,-115.99777777777778,1793,TA,DckDlSkyrnch,"10/28   23.0
",Private Airports
136,35.18,-118.85499999999999,388,TA,JndJCrpDstrs,"07/25    25A
",Private Airports
137,35.38138888888889,-118.23083333333334,4071,TA,Kelso Valley,"04/22    5x3A slp to s
",Private Airports
138,34.72383333333333,-116.15533333333333,1700,TA,Ludlow,"08/26 6 x26A slp E some
",Private Airports
139,36.02222222222222,-118.09527777777777,6800,TA,Porter Ranch,"09/27    26D
",Private Airports
140,35.99,-118.08027777777778,6427,TA,SacatarMedws,"11/29    33T
",Private Airports
141,36.15,-118.80222222222221,1153,TA,Sequoia Rc  ,"N/S      28A
",Private Airports
142,35.39833333333333,-118.48305555555555,3600,TA,Shadow Mtn  ,"08/26    34D
",Private Airports
143,34.98916666666667,-118.91444444444446,1065,TA,Tejon Ag    ,"13/31G 5x30 Emergency
",Private Airports
144,33.8,-112.25,1580,AL,Turf,"gliderport 122.9
",Private Airports
145,35.20165,-113.36201666666666,5080,L,Transwestern,"E/W 6x46A lndE nextA slpW
",Public Airports
153,33.78333333333333,-113.63966666666667,1800,A,Outback,"N/S 5x35A
",Public Airports
154,34.75972222222222,-117.01333333333334,3000,L,SlashX," recvehicles pwlines 1/4 m s/e field
",Public Airports
155,35.08722222222222,-116.43944444444445,1900,L,o31dry lake,"6/24 5x1D loose rocks
",Public Airports
156,35.53333333333333,-116.16666666666667,900,L,Selurian,"
",Public Airports
157,35.56666666666667,-115.73333333333333,3500,L,Cima Lk,"rough pwrl S end
",Public Airports
158,35.54,-115.40305555555557,2600,L,Ivanpah,"
",Public Airports
159,35.608333333333334,-115.39166666666668,2800,L,StLinWhiskyPete," pwlines in middle run E-W
",Public Airports
160,34.74527777777778,-118.10944444444443,2417,T,Tailwind,"NE/SW 6x1A model field emergency only
",Public Airports
161,34.327222222222225,-116.38388888888889,2798,T,Giantrock,"N/S Lkbed 2x8D ruts emergency only
",Public Airports
162,34.98383333333334,-116.5915,1734,L,Manix,"NE/SW 12x15D betw fwy-road emergency
",Public Airports
163,35.13333333333333,-116.26666666666667,1100,L,Cronese,"sandy- bushes- cattle
",Public Airports
164,35.86666666666667,-116.26666666666667,2000,L,Tecopah,"
",Public Airports
165,35.635333333333335,-115.37383333333334,2600,L,Roach,"pwrln ne/sw
",Public Airports
166,34.5674,-117.09326666666666,3200,L,ReedDrylake,"r/v vehic rough OKEMERGENCY
",Public Airports
167,34.64416666666666,-117.9475,2560,L,AveM&100,"N/S long/wide wires N end
",Public Airports
168,34.816,-116.176,1500,L,BroadwellLk,"pwrl running N-S in lakebed
",Public Airports
169,36.04183333333334,-117.93533333333333,3500,L,Cosolake,"N/S 700x1000D pwlines w  of lk
",Public Airports
170,36.73683333333334,-118.14483333333334,3840,L,Manzanar,"NE/SW 6x3A overgrown at places
",Public Airports
171,35.358333333333334,-115.9,3000,T,Halloran springs,"
",Public Airports
172,35.64805,-117.92833333333333,5300,T,Boomer,"
",Public Airports
173,37.831383333333335,-118.35361666666667,13560,T,Boundary pk,"
",Public Airports
174,35.221383333333335,-118.24906666666666,6699,T,Cachpeak,"
",Public Airports
175,36.58166666666666,-118.295,14491,T,Mt.Whitney,"
",Public Airports
176,36.26585,-118.11708333333333,11499,T,Olancha Pk,"
",Public Airports
177,35.27888333333333,-118.13555,5200,T,Cross Mt,"
",Public Airports
178,35.74055,-117.99721666666667,7999,T,Owen's Pk,"
",Public Airports
180,34.804833333333335,-116.562,1750,L,Newberry Springs,"N/S lkbed pwrl S side rd 
",Public Airports
181,34.686166666666665,-115.67716666666666,2400,L,Kelbaker Rd," road N/S 5x25A slp S traffic
",Public Airports
182,34.5595,-115.74533333333333,625,L,Amboy,"NW/SE 65x35D good
",Public Airports
183,34.56583333333333,-115.54316666666666,730,L,Chambless,"E/2W 55x15D berm N side slp W some
",Public Airports
184,34.77016666666667,-115.2215,1850,L,Essex,"NE/SW 5x15AD S end wider
",Public Airports
185,34.89833333333333,-115.093,2450,L,Goffs Wspt,"NE/SW 7x15G slp SW curves obstrctions
",Public Airports
186,35.09166666666667,-115.21866666666666,4100,TA,Conner,"N/S 4x18D slp S bushes sides remote
",Public Airports
187,35.687666666666665,-116.3005,1522,L,Dumont Dns,"N/S 75x2D rough sandy near rd
",Public Airports
188,35.895,-114.9235,1700,L,El Dorado lk,"rec vehicles
",Public Airports
189,35.459833333333336,-115.34866666666667,2616,L,IvanpSouth,"
",Public Airports
190,35.470166666666664,-117.96233333333333,3165,L,WideSpt,"N/S 75x8D slp N rough emergency only
",Public Airports
191,34.87566666666667,-115.7265,2611,T,Taylor,"SW/NE road 40'wide only slp SW some
",Public Airports
192,35.173833333333334,-116.10933333333334,940,L,SodaLk,"
",Public Airports
193,35.14116666666666,-115.52766666666666,3000,L,Elora wdspt,"NE/SW 6x7G slp SW betw rr&rd
",Public Airports
194,36.54971666666667,-117.80305,9281,T,Cerro Gordo,"
",Public Airports
195,37.971666666666664,-118.31833333333333,7500,T,Mt Montgomery,"
",Public Airports
196,35.6025,-117.9025,2800,T,Hyws 178&14,"
",Public Airports
197,34.13333333333333,-115.55,1815,L,Pot Lake,"N/S N part smoother rough excess
",Public Airports
198,34.18566666666667,-114.5725,920,L,Vidal JuncW,"Se/NW 55x15G field
",Public Airports
199,36.340583333333335,-117.40565,1570,L,Panamint DryLk," good both sides of RD
",Public Airports
200,35.622683333333335,-118.2585,2950,L,Weldon," slp SE open field
",Public Airports
201,34.399,-117.7755,000,T,Pinon Ridge,"
",Public Airports
202,34.93333333333333,-118.0,000,T, 2515,"Joshua 133/65
",Public Airports
203,35.13133333333333,-116.20883333333333,1460,L,Rasor Rd,"N/S 47x12D slp S wider S end 50'
",Public Airports
204,32.61,-116.15916666666666,2844,L,Jacumba,"
",Public Airports
205,33.949666666666666,-112.9975,2400,L,Forepaugh,"NE/SW 75x6D
",Public Airports
206,35.32366666666667,-117.9635,2084,L,Cantil No," slp S bushes emergency only
",Public Airports
207,35.856716666666664,-117.98118333333333,5510,T,9mile cny,"
",Public Airports
208,35.424216666666666,-118.17508333333333,5845,T,Rock Pile,"
",Public Airports
209,37.52721666666667,-118.21638333333334,12500,T,ShepMt,"
",Public Airports
210,35.37278333333333,-117.63388333333333,3514,T,RedMtn,"
",Public Airports
211,38.60333333333333,-119.305,11680,T,MtPatterson,"
",Public Airports
212,38.570283333333336,-118.79083333333334,11319,T,MtGrant,"
",Public Airports
213,35.16138333333333,-118.21861666666666,6198,T,MidlKnob,"
",Public Airports
214,35.212833333333336,-118.01066666666667,2252,L,JohnsPl,"6/24 75x2D soft pwrl S& E sides
",Public Airports
215,34.48833333333334,-116.91066666666667,2840,L,Stephans," N/S 200x400D field prwln S end
",Public Airports
216,34.01016666666667,-116.1005,4386,L,Joshua,"E/W 8x100 slp E open pasture
",Public Airports
217,34.186,-114.56866666666667,885,L,Vidal Junc East,"N/S 6x15G field
",Public Airports
218,34.073166666666665,-114.81433333333334,854,L,Old Rice,"100X750concrete pad bushes
",Public Airports
219,35.714666666666666,-114.48133333333334,2419,L,Triangle,"5x35D prwln W side
",Public Airports
220,36.0205,-114.33516666666667,1549,TA,Temple Bar,"N/S 5x35A slp to N a lot
",Public Airports
221,36.311,-114.46383333333333,1535,TA,Echo Bay,"E/W 5x34A slp E lot 
",Public Airports
222,37.49316666666667,-113.28783333333334,5480,L,Harmony,"N/S 5x35A slp S- E/W 5x1A roads
",Public Airports
223,36.67216666666667,-114.2895,1343,L,Riverside,"NE/SW 5x15A roadsection emergency only
",Public Airports
224,34.68383333333333,-112.28833333333333,4978,A,Coyote run," wide open grass gliderport winch
",Public Airports
228,37.251083333333334,-113.20851666666667,5105,TA,HurricanMesa,"
",Public Airports
229,34.843333333333334,-114.95416666666667,2080,TA,Camino,"NE/SW 5x2D slp n some- pwrl E end
",Public Airports
230,35.19976666666667,-114.24691666666666,2720,L,Redwall Dr,"E/W D road 6x25 houses-lnd w of ns paved rd
",Public Airports
231,34.55533333333333,-115.35416666666667,1324,TA,Danby,"NE/SW 55x25D slp SW- markers sides
",Public Airports
233,38.01566666666667,-118.02966666666667,4900,L,Black Hills,"E/W 75x15G slp E_ N/S 3x8Gslp N 
",Public Airports
234,38.024166666666666,-117.8845,4750,L,Coaldale,"N/S 6x15D slp N berm soft 
",Public Airports
235,38.3765,-118.1005,4552,TA,Mina,"NW/SE 16x46Dlines east side rnwy
",Public Airports
236,38.49816666666667,-118.1615,4440,L,LuningDryLk,"south smoother
",Public Airports
237,38.924166666666665,-117.959,4700,TA,GabbsAp,"9/27 8x59D L- NS rnwy not usbl 
",Public Airports
238,38.74366666666667,-118.04083333333334,4600,L,Gabbs Wdspt,"NE/SW 75x15A slp NE some
",Public Airports
239,38.93183333333333,-118.80733333333333,4200,T,Schurz,"N/S 47x2D bushes-bldg N end Emergency
",Public Airports
240,39.000166666666665,-118.792,4200,L,Schurz North,"E/W 37x2D raised road emergency only
",Public Airports
241,37.18233333333333,-118.2435,3970,L,Zurich,"Ne/SW 5x1A slp to the NE -signs by rd
",Public Airports
242,37.022166666666664,-118.00633333333333,11123,T,WaucobaMnt,"
",Public Airports
243,37.2695,-118.21783333333333,8500,T,BlackMnt,"
",Public Airports
244,34.37416666666667,-117.03366666666666,5400,T,RedStar,"
",Public Airports
246,35.239583333333336,-112.4823,5232,L,Ash fork,"N/S 5x12D slp N fence both sides
",Public Airports
247,35.525166666666664,-115.57166666666667,7900,T,ClarkMtn,"
",Public Airports
248,35.3055,-114.88283333333334,2605,L,Kidwell,"15/33 65x4D L 122.9
",Public Airports
249,39.05983333333333,-117.41966666666667,6520,L,O'Toole,"
",Public Airports
250,39.35933333333333,-117.44306666666667,6007,L,Fritz'sdrylake,"
",Public Airports
251,39.287816666666664,-117.49303333333333,6050,L,SmithCreakDryLk,"
",Public Airports
252,33.93216666666667,-114.0015,1000,L,Bouse,"SE/NW 6x9D
",Public Airports
269,36.30665,-114.46536666666667,1535,A,Echo bay,"6/24 5x34A slp E alot 122.8
",Public Airports
270,33.845166666666664,-112.58866666666667,2065,L,Roesner,"E/W 6x47D
",Public Airports
271,34.6245,-117.5495,2850,L,ElMirageLk,"pwrl E side recvehicles
",Public Airports
272,33.794,-113.55366666666667,1900,L,Wenden,"N/S 55x26D slp to N
",Public Airports
274,36.97691666666667,-118.1217,9180,T,"Mazourka
",,Public Airports
275,36.0038,-115.85783333333333,2808,L,Hidden Hills,"2/20 4000x120D good
",Public Airports
276,36.035833333333336,-115.79983333333334,3067,L,TecopaRd,"Ne/Sw road centerpunch emergency only
",Public Airports
278,36.63466666666667,-116.41333333333333,2640,L,Jackass,"N/S 2x1G-nw/se 5x1G lights ok
",Public Airports
279,36.666333333333334,-114.57216666666666,1510,L,Glendale,"NW/SE 15x7G- pwrln n/e end 
",Public Airports
280,34.93,-116.70716666666667,1778,L,CrystalLake,"SW/NE 15x1G private strip windsock
",Public Airports
281,36.45583333333333,-114.872,1500,L,Nevada Drylk," look for powerlines
",Public Airports
282,39.239716666666666,-117.52833333333334,6100,L,PetersensRnch,"Slp to NE some lnd drt rd btwn farms
",Public Airports
283,34.76428333333333,-117.98748333333333,2350,L,Ave E 80th,"pwrlines both end low berm both sides
",Public Airports
284,37.63388333333333,-118.25583333333333,14245,T,White Mnt Pk,"
",Public Airports
285,35.584633333333336,-117.92931666666667,3350,L,Brads,"N/S 6x15- post N end /PWRline E side 1/4m
",Public Airports
286,38.14438333333333,-117.46086666666666,4826,L,MillersDrylake,"Good
",Public Airports
287,37.76193333333333,-117.63001666666666,4286,L,Silver Peak,"N/S 75x2000D soft/ prwl W side
",Public Airports
287,38.3329,-117.032,6020,L,MonitorRd1,"N/E S/W A road- good
",Public Airports
288,38.26916666666666,-117.06453333333333,5860,L,MonitorRd1/2,"N/S A road /good
",Public Airports
289,38.5324,-117.19965,5865,L,Peavine Rd,"65x5000D E/W slop to W some/ GOOd
",Public Airports
290,38.761383333333335,-117.17218333333334,5665,L,Cavers,"60x3000 N/S dirt road
",Public Airports
291,38.80218333333333,-117.16845,5580,L,Wine Glass,"75x3000D N/S- fence w side
",Public Airports
292,38.976683333333334,-117.18488333333333,5500,L,Turks,"75x3000D N/S-fence E side
",Public Airports
293,39.20256666666667,-117.08066666666667,6200,A,Kingston Village,"E/W 8x37G slp toE-N/S 6x30D Good
",Public Airports
294,39.49545,-116.48905,6320,L,Willow Creek,"700x1500D open grass field
",Public Airports
295,39.525666666666666,-116.37068333333333,6100,L,3 Bars Rd,"50xlong dirt road BERM
",Public Airports
296,39.275016666666666,-116.66091666666667,6510,L,Belmont Rd,"50xlong G-SW/NE BERM
",Public Airports
297,39.152166666666666,-116.69338333333333,6760,L,Monitor Ranch,"55x2500D-E/W slopes to East
",Public Airports
298,39.35071666666666,-116.89633333333333,5680,L,Monitor Wy,"50x2000D-NW/SE-Berm/Pwrln S/e end
",Public Airports
299,39.53483333333333,-117.13433333333333,5700,L,RaceTrackFarm,"65x1600D-E/W-pwrln E end-overgrown some
",Public Airports
300,39.68533333333333,-117.07333333333334,6500,L,SilverCreek,"55x1000D-dropoff E end marginal-overgrown
",Public Airports
301,39.69875,-117.11231666666667,6000,L,SilverCreekRD,"55x3000D road E/W Better than ranch
",Public Airports
302,39.599783333333335,-117.15255,5800,L,ItalianCny Rd,"50x2000D-E/W road section-low berm
",Public Airports
303,39.85485,-117.04836666666667,5900,L,Iowa Canyon,"100x3000D N/S owergrown places GOOD
",Public Airports
304,39.79305,-117.10808333333334,5300,L,Sean's Pasture,"open grass field-fence N end-ruts-cows
",Public Airports
305,40.045833333333334,-117.19353333333333,4900,L,AntelopeValley,"wide open field E side of HWY-pwrln N side
",Public Airports
306,39.99783333333333,-117.4055,4940,L,Swansons 3,"50x2500 N/S-pwrln both ends
",Public Airports
307,40.32495,-117.04955,4970,L,Barium Products,"50x4500D E/W road/weeds/pwrln N side/slp to W
",Public Airports
308,40.40903333333333,-117.04821666666666,4760,L,PerezRd,"50xlongD E/W road/Berm/pwrln E end near hwy
",Public Airports
309,40.3921,-117.03861666666667,4800,L,Peter's Spot,"50x1500D E/W slps to W/Berm/roadsigns both ends
",Public Airports
310,40.275933333333334,-117.08296666666666,4930,L,Property Rd,"50x1500D E/Wroad pwrln W end/weeds/slp to W some
",Public Airports
311,40.20445,-117.10446666666667,4825,L,Pasture,"longXwide D-land on N side dirt road/pwrln EW ends
",Public Airports
312,37.6922,-118.94091666666667,7600,L,MammothFlts,"longxwide pasture pwrln rns E-W near hwy 
",Public Airports
313,37.74698333333333,-118.90313333333333,7155,L,ArculariusRd,"50x1500 D Rd E/W Berm-pwrln So side/Emergency 
",Public Airports
314,37.87316666666667,-118.8974,7880,L,Sand Flats,"100x4000 N/S grass/soft/fence so end
",Public Airports
315,34.2861,-118.75943333333333,938,L,H,"
",Public Airports
316,38.73075,-119.466,5050,L,Topaz,"N/S 75x2500-E/W 50x1500 D Good
",Public Airports
317,39.3426,-119.3876,4270,L,RabbitLk NV,"Good
",Public Airports
318,39.30458333333333,-119.25431666666667,4280,L,Road,"50x1000 D rd/wheeds on sides/E side lk ok?-emergency
",Public Airports
319,37.14471666666667,-118.262,3950,L,Stewart field,"irrigation/pwrlns N side/emergency
",Public Airports
320,37.08133333333333,-118.25,3950,L,Fish Springs,"3x5 pasture/cattle/irrigation/pwrln N/S side-ok
",Public Airports
321,38.361666666666665,-118.89383333333333,6100,L,DecisionPoint,"65x2500 NE/SW D road land sw of X emergency
",Public Airports
322,38.42163333333333,-118.76731666666667,8000,T,"LuckyBoyPass
",,Public Airports
323,38.89886666666666,-119.64941666666667,5260,A,Pine Nut,"N/S D
",Public Airports
324,34.95616666666667,-114.8305,1726,L,Bannock,"50x1000 E/W G CalTrans/obsticles/emergency only
",Public Airports
325,35.375933333333336,-117.85293333333334,1908,L,Saltdale," 1x1 soft/nr road/emergency only
",Public Airports
326,35.0885,-116.77266666666667,1680,L,Coyote DryLk," good
",Public Airports
327,38.6035,-119.003,4950,L,Hilton Rnch,"
",Public Airports
328,37.38366666666667,-118.18133333333333,10000,T,SchulmanGrv,"
",Public Airports
329,38.84068333333333,-117.94255,4600,L,GabbsDusterSt,"
",Public Airports
330,35.4314,-117.5973,3200,L,Summit,"30/150 Emergency only/Rough,R/V vehicles
",Public Airports
331,33.863550000000004,-112.60326666666667,2060,L,CasleWell," gated/private OK
",Public Airports
332,35.52365,-113.24178333333333,5386,L,GrdCnyCavern,"45x500 dirt/grass sides/ok
",Public Airports
333,34.72285,-114.43876666666667,750,L,Topock,"N/S 10x150/gravel/slope to N/Rough
",Public Airports
334,38.325,-116.2836,5243,L,WarmSprings,"NE/SW 60xlong,lights,paved,good
",Public Airports
335,38.60893333333333,-115.55551666666666,4690,L,RairoadValleyRd,"NW/SE 60xlong/gravel rd/ok
",Public Airports
336,34.73283333333333,-116.98416666666667,3060,L,Stoddard,"5x70/E/W-dirt road/emergency only
",Public Airports
337,34.95175,-116.638,1790,L,Harvard fields,"pwrlines all around
",Public Airports
338,36.292,-114.70716666666667,9000,TL,B4,"
",Public Airports
339,36.141666666666666,-114.53833333333333,9000,TL,B3,"
",Public Airports
340,35.992,-114.54083333333334,9000,TL,B2,"
",Public Airports
341,35.87616666666667,-114.65333333333334,9000,TL,B1,"
",Public Airports
342,36.36933333333333,-114.77333333333333,9000,TL,B5,"
",Public Airports
385,36.45633333333333,-115.2905,9000,TL,B8,"
",Public Airports
343,39.66656666666667,-119.72316666666667,4600,A,Spanish Springs,"35X7/D/122.9
",Public Airports
344,39.87211666666666,-119.701,4300,A,AirSailing,"70X10/D/122.9
",Public Airports
345,36.304,-116.41731666666666,2060,A,Amargosa jnc,"16x5/D/N-S/good
",Public Airports
346,36.44805,-116.4194,2220,L,Imvite rd," longx6/E-W/G/both side Hw127/good
",Public Airports
347,36.58583333333333,-114.74283333333334,9000,TL,B6,"
",Public Airports
348,37.138333333333335,-116.86783333333334,4000,L,Coba Dry Lk," longxwide good
",Public Airports
349,37.17126666666667,-117.15315,4050,L,BonnieClaire Lk,"longxwide good
",Public Airports
350,37.090666666666664,-117.23816666666667,4200,L,W BonnieLaire Lk,"3200x500 good
",Public Airports
351,37.717666666666666,-117.23566666666666,5700,A,Goldfield,"N/S D 60noend 50soend ok
",Public Airports
352,37.95965,-117.26966666666667,5250,L,TonopahSo,"n/e s/w Dirtroad ne side of hwy slopeN/W ok
",Public Airports
353,38.112716666666664,-117.31355,5400,L,GabbsPoleLine," N/S paved road ok
",Public Airports
354,37.435833333333335,-117.28366666666666,4800,L,266widespot,"E/W500x130 open field D ok
",Public Airports
355,37.366166666666665,-117.36583333333333,5300,L,Goldpoint,"4000x55 D slop N alot ok
",Public Airports
356,37.475833333333334,-117.86741666666667,5100,L,DyerCircles," alfalfa circle fields D ok
",Public Airports
357,37.60733333333334,-118.0065,4900,A,Dyer,"320x6 D N/S good
",Public Airports
358,37.371833333333335,-117.98366666666666,5200,L,DeepSprings,"1000x1000 alfalfa fields sprinklers fence wires
",Public Airports
359,38.78991666666667,-119.04471666666667,4800,L,Lantana Ranch," 2000x60 DU N/S
",Public Airports
360,40.18926666666667,-118.4515,4000,L,LovelockDSTR,"65x1200 D n/s someovergrow notused ok
",Public Airports
361,40.4095,-116.55816666666666,4787,A,Crescent Valley," 46x7 54x6UD
",Public Airports
362,41.3177,-115.24981666666666,5600,L,Mary'sRiverRN,"24x8 DU
",Public Airports
363,41.50933333333333,-115.85583333333334,6400,L,StevensCrosbyRn,"36x5 DU n/s
",Public Airports
364,41.73806666666667,-116.21626666666667,5600,L,PetanRanch,"75x7 DU e/w
",Public Airports
365,40.05786666666667,-115.50181666666667,6000,L,FortRubyRch,"40x6 DU e/w
",Public Airports
366,40.584916666666665,-115.2977,6100,L,LLamaRnch,"32x3 N/S D Llamas fence nrbyflds ok emgency
",Public Airports
367,38.84988333333333,-115.6348,5100,L,Duckwater,"7x25ne/sw 9x320n/s D Good no windso
",Public Airports
368,36.25221666666667,-113.96551666666667,1500,L,Tassi,"14x6 e/w DU
",Public Airports
369,36.089333333333336,-114.04671666666667,3000,L,PearceFerry,"29x10 n/s DU  ok?
",Public Airports
370,36.51861666666667,-113.8696,3200,L,Unindentified,"38x9 n/s DU Emgency Remote
",Public Airports
371,38.37905,-116.54008333333333,6330,L,6BDirtRd,"n/s D 65xlong okemergency
",Public Airports
372,37.491,-112.63883333333334,8150,L,StrawberryValley,"42x5 n/s DU ok?
",Public Airports
373,37.705983333333336,-113.6408,5180,L,BerylJunction,"49x7 n/s GU ok?
",Public Airports
374,37.97366666666667,-113.45516666666667,5100,L,SunValley,"40x5 n/s DU ok?
",Public Airports
375,37.33883333333333,-112.22083333333333,6400,L,DeerSprings,"46x5 n/s DU
",Public Airports
376,37.635,-113.24133333333333,5600,L,Citabriair,"35x4 n/s DU emgency
",Public Airports
377,38.05843333333333,-117.62148333333333,4700,L,McLeansDrylk,"lakebed U emgncy
",Public Airports
378,38.872566666666664,-116.70105,6900,L,MorganRnch,"23x9 n/s e/w DU emgcy
",Public Airports
379,35.296283333333335,-114.37366666666667,3700,L,WillowSprngs,"26x5 n/s As U
",Public Airports
380,38.923633333333335,-117.61075,6500,L,IoneNorth,"longx60 n/s D ok
",Public Airports
381,38.7157,-117.71018333333333,5830,L,IoneSouth,"10x5 D n/s ok
",Public Airports
382,38.559783333333336,-117.65796666666667,5560,L,E Old89Rd,"20x55 e/w D pwrlns so cattle ok
",Public Airports
383,38.65735,-117.8364,5760,L,W Old89Rd,"30x6 e/w D pwlines so slp e some ok
",Public Airports
384,34.733066666666666,-116.99218333333333,3000,L,CandelberryRd,"10x60 SE/NW D bermbothsides thrash RV veh
",Public Airports
386,34.63235,-116.8287,3900,L,TriangleDryLk,"longxwide good
",Public Airports
387,34.57783333333333,-116.95578333333333,3000,TL,Nelson,"5X15 D E/W windsock ok
",Public Airports
388,36.47275,-118.11513333333333,9150,T,"WaltsPoint
",,Public Airports
389,39.03845,-114.82905,6820,L,WillowSprings,"5x26 D fence ends ok
",Public Airports
390,40.00483333333333,-117.3885,4940,L,Swanson," U
",Public Airports
391,41.549033333333334,-117.83103333333334,4220,L,PineDuster," U
",Public Airports
392,39.53431666666667,-117.74811666666666,5200,L,Hudson,"1x47 D/Gr N/S radarant s end rnwy
",Public Airports
394,36.27158333333333,-115.69546666666666,11900,T,MtCharlston,"
",Public Airports
395,36.68075,-115.09298333333334,9000,TL,B7,"
",Public Airports
396,34.763933333333334,-118.03078333333333,2240,L,AveE5501,"n/s wires both ends D ok
",Public Airports
397,36.816516666666665,-114.93315,2400,L,CoyoteSprings,"P D rd NW/SE 5x30 emergency
",Public Airports
398,37.3578,-115.191,3700,A,Alamo,"D 15x500 NW/SE no wind ok
",Public Airports
399,37.59831666666667,-114.856,3860,L,Caliente,"D 15x600 NE/SW overgrown emergency
",Public Airports
400,37.32038333333333,-114.94836666666667,4500,L,DelemarDrylake,"longxwide ok,
",Public Airports
401,38.378233333333334,-114.56708333333333,6000,L,PonySprings,"farmfiels emergency only
",Public Airports
402,38.664183333333334,-114.63211666666666,6000,A,GeyserRanch," N/S 6x3000 D wndsock emergency
",Public Airports
403,38.904133333333334,-114.38965,6000,A,Kirkeby,"lowbrush N/S 8x10 D nearby farms maybe better emergency
",Public Airports
404,38.923116666666665,-115.0607,5670,L,895Fields,"farmfields pwrlins fence emergency
",Public Airports
405,38.7194,-115.08383333333333,5400,L,GibbsonFields,"farmfields lvstock fence wires emergency
",Public Airports
406,38.41863333333333,-115.06538333333333,5200,L,SunnysideRd,"6x15 D E/W rdsection pwrlns berm ok 
",Public Airports
407,37.94105,-114.97843333333333,4800,L,318Meadow,"meadow tall grass soft emergency
",Public Airports
408,36.79575,-114.89626666666666,2200,L,CoyoteEast,"E/W 7x200D nside hwy emergency only
",Public Airports
409,37.61275,-114.51533333333333,4400,L,CalienteRR,"E/W 10x300D wires emergency only
",Public Airports
410,38.96848333333333,-114.03498333333333,5200,L,Garrison,"N/S 15x300D U
",Public Airports
411,35.48886666666667,-117.95623333333333,3140,L,Hedi's," NE/SW D 6x80 emergency
",Public Airports
412,38.208216666666665,-117.36553333333333,4860,L,TwrPolelineRd,"E/W 6xlong pvd good
",Public Airports
413,38.240966666666665,-117.38716666666667,4870,L,PoleDryLk,"NE/SW 60x14 good 
",Public Airports
414,38.29983333333333,-117.36501666666666,4940,L,LibertyMineRd,"NE/SW 6xlong Pvd rd good
",Public Airports
415,38.456516666666666,-117.36888333333333,5330,L,Peavine1,"NW/SE 55xlong Drd good
",Public Airports
416,38.488483333333335,-117.2875,5510,L,Peavine2,"NE/SW 8xlong Drd good
",Public Airports
417,38.54391666666667,-117.23488333333333,5700,L,Peavine3,"E/W 75xlong Drd slopestoE good
",Public Airports
418,38.49418333333333,-116.94723333333333,6400,L,MonitorX,"NE/SW 6x10sec paveRd ok
",Public Airports
419,38.62493333333333,-116.81913333333334,7050,L,BelmontNorth,"NE/SW 65xlong DRd good
",Public Airports
420,38.77413333333333,-116.7675,6800,L,Belmont3,"NW/SE 75xlong Drd good
",Public Airports
421,39.47456666666667,-116.53896666666667,6360,L,Belmont1,"N/S 65x100 Drd fencewside ok
",Public Airports
422,39.975033333333336,-116.17238333333333,6000,L,278Pasture,"N/S LXW stream few ruts emgncy only
",Public Airports
423,40.07856666666667,-116.2116,5700,L,TonkinSprings," E/W Drd65X300 pwrlnsEandWside ok
",Public Airports
424,40.40603333333333,-116.11588333333333,5150,L,278Fields,"farmfields emergency only
",Public Airports
425,40.68548333333333,-116.1331,4900,L,CarlinField,"25x180N/S G pwrlinN/W emergency only
",Public Airports
426,40.71575,-117.70776666666667,4500,L,GreenPasture,"SW/NE2x20 D rd throgh pasture ok
",Public Airports
427,40.552283333333335,-117.62333333333333,4700,L,GrassValleyRd,"SE/NW65X200 Drd good
",Public Airports
428,40.32645,-117.63628333333334,4600,L,GolcondaRnch,"N/S E/W X65xlong post atX Good
",Public Airports
430,40.244483333333335,-118.39913333333334,4040,L,LovelockNo,"N/S 7x28 D U
",Public Airports
431,37.78666666666667,-119.00135,7900,L,BaldMnt,"NW/SE wide open field gravel
",Public Airports
432,34.37226666666667,-117.8058,8300,T,"MtLewis
",,Public Airports
433,34.35856666666667,-117.76471666666667,9400,T,"BadenPowel
",,Public Airports
434,34.371233333333336,-117.85805,8082,T,"MtWilliamson
",,Public Airports
435,34.4061,-117.79398333333333,6150,T,"Chimney
",,Public Airports
436,34.41395,-117.81413333333333,5400,T,"TonysCorner
",,Public Airports
437,34.377383333333334,-117.62266666666666,5800,T,"NoWrightwood
",,Public Airports
438,35.43613333333333,-115.92445,4450,T,"McrwTwr
",,Public Airports
439,37.83695,-118.49495,5400,L,BentonFields," fence N end emergency
",Public Airports
440,37.86845,-118.49476666666666,5480,L,FoothillRd,"D N/S 60x400 berm emergency ok
",Public Airports
441,38.37956666666667,-118.94016666666667,6000,L,9MileRanch,"N/S 9x150 G slopes to the N some Ok
",Public Airports
442,38.31701666666667,-118.53433333333334,5600,L,WhiskeyFlatR,"open farm fields emergency
",Public Airports
443,38.361466666666665,-118.2572,5600,L,GarfieldDrylk,"fenced in mltr lnd south or west edge
",Public Airports
444,38.37583333333333,-118.1953,5500,L,GarfieldRd,"E/w D rd 6x200 slopes E low berm
",Public Airports
445,37.940416666666664,-118.35433333333333,6360,L,NicolsRanch,"farm filed s of Ranch fence all around
",Public Airports
446,36.262883333333335,-117.98876666666666,3700,L,TomsFallow," 30X80 N/S field emergency
",Public Airports
447,36.734833333333334,-117.9859,10800,T,"MtInyo
",,Public Airports
448,33.660716666666666,-114.24958333333333,940,L,Quartzsite," 90x170 n/s GR windsock good
",Public Airports
449,34.909816666666664,-112.52803333333334,4429,A,BigSprings,"9x450 e/w G L slop both e some good
",Public Airports
450,35.67423333333333,-114.10838333333334,2760,L,Red Lake," longxwide U
",Public Airports
451,35.1545,-114.23605,2532,L,Colorado Rd," 65x130 n/s D U
",Public Airports
452,33.698933333333336,-115.63695,1333,A,JulianHinds,"7x200A e/sw wndso good but locked 
",Public Airports
453,39.295316666666665,-117.9934,4680,L,BenchCreek Ranch,"220x100 pasture live stock
",Public Airports
454,33.57321666666667,-114.89683333333333,420,L,Chuckawalla,"EMERG n/s 90w paved rd pwrliE fenceW sign S end
",Public Airports
455,33.59315,-114.60563333333333,262,AL,CyrAviation,"n/s 5x240A lights good
",Public Airports
456,33.67945,-113.94278333333334,1348,L,Brenda,"9x10 n/s D pwrl wend trees Eend gated ok
",Public Airports
457,33.66226666666667,-113.76631666666667,1175,L,Vicksburg,"15x1500 n/sD levee pwrl Nend emergency
",Public Airports
458,35.77878333333334,-114.12586666666667,2840,L,Antares1,"n/s Drd 65xlong pwrl Nend ok
",Public Airports
459,35.65873333333333,-113.9505,2870,L,Antares4,"n/s Drd 65xlong ok
",Public Airports
460,35.495,-113.83736666666667,3100,L,Antares5,"n/s Drd 65xlong ok
",Public Airports
461,35.21665,-112.4195,5370,L,AshFoInt,"ne/sw 10x120Gslope bo end n/s6x10D slopSo Good wndsoc
",Public Airports
462,34.7365,-112.4494,4766,AL,RobinAP,"n/s 5x160D L pwrl N end wndso locked ok
",Public Airports
463,33.08525,-112.16158333333334,1272,AL,Estrella," e/w 7x250A wndso good
",Public Airports
464,33.112233333333336,-112.66271666666667,767,AL,Lakeside,"n/s 65x270A good
",Public Airports
465,33.53061666666667,-112.95793333333333,1228,L,Tonopah," nw/se 75x300D good
",Public Airports
466,33.56583333333333,-113.35073333333334,1360,L,Ave75,"10x10 pasture so of hwy10 phonlns emergency
",Public Airports
467,33.53615,-113.16236666666667,1222,L,SalomeRd,"n/s 7x200D levee pwrl e/n side emergency
",Public Airports
468,33.39561666666667,-113.22305,1207,AL,Eagletail,"e/w 10x380D L windso good
",Public Airports
469,33.608916666666666,-114.98271666666666,1260,L,FordSpot," 10x10D soft emrgency
",Public Airports
470,35.1734,-113.79665,4300,L,DallyField," 40x90 n/s low brush emergency
",Public Airports
471,33.847633333333334,-115.46038333333334,1100,AL,EagleMntn,"10x300A n/s slope to so windso good
",Public Airports
472,33.6818,-115.24555,700,L,Chuck1,"6x10A e/w endroad ok
",Public Airports
473,33.606,-115.00215,380,L,Chuck2,"7xlong e/w road section nsidepwln ok
",Public Airports
474,33.580733333333335,-113.59703333333333,1350,L,Hovetter,"old airport overgrown pick clearing emergency
",Public Airports
475,33.69245,-113.47428333333333,1580,L,SalomeFields,"15x15 fields OK
",Public Airports
476,33.62145,-113.76906666666666,1220,L,Tomahawk,"10x15n/s G field sotruckstop ok
",Public Airports
477,33.580616666666664,-113.3524,1380,L,75thEastFields,"20x20 fieldsboth sidesofRD pwrln noend ok
",Public Airports
478,33.2492,-112.81188333333333,820,L,GilaCompressor," U Emergency
",Public Airports
479,33.32321666666667,-112.75568333333334,850,L,Arlington," U Emergency
",Public Airports
489,34.43436666666667,-116.77086666666666,3060,L,PigLake,"G 30x220e/w Rough OkEMERGENCY
",Public Airports
490,34.56143333333333,-117.6012,3070,L,BrickleyField," D E/W 10x300 gldr fld good
",Public Airports
491,38.1666,-116.67843333333333,5900,L,StoneCabinRd,"D ne/sw 6xlong slps to N some ok
",Public Airports
492,38.15611666666667,-116.62625,5650,L,5DirtRoad,"D 65xlong ne/sw ok
",Public Airports
493,38.14208333333333,-116.58223333333333,5635,L,7DirtRoad," D 7xlong n/s good
",Public Airports
494,38.25175,-116.58536666666667,5765,L,6DirtRoad," D 6xlong n/s slopeto N some ok
",Public Airports
495,38.48141666666667,-116.19661666666667,5730,L,1HotCreekRd,"D 60xLong nw/se ok
",Public Airports
496,38.48265,-116.20838333333333,5670,L,2HotCreekRd," D e/w 55xlong narrow but ok
",Public Airports
497,38.55245,-115.69203333333333,4718,L,11DryLake,"softsurface lnd near rd longxwide Emergency
",Public Airports
498,38.63021666666667,-115.60015,4775,L,1RailroadValleyRd,"D 6xlong nw/se lowberm ok
",Public Airports
499,39.6762,-114.77868333333333,5900,L,Farm1,"farmfields pick spot fence OkEmergency
",Public Airports
500,39.79593333333333,-114.73608333333334,6130,L,WhitePineRd,"D 6x200 E/W slp to W some ok
",Public Airports
501,39.886466666666664,-114.75516666666667,5920,L,CherryCreek,"G 65x700 widespt n/s pwrlns S end ok
",Public Airports
502,40.09095,-114.62433333333334,5900,L,Field16," Farmfields bothsideHwy pick spot okemergency
",Public Airports
503,40.8937,-114.9676,5650,L,TwoStarFrm," D e/w rnwylooksovergrown pckspotnrbyflds wires okemergency
",Public Airports
504,40.67576666666667,-115.1314,6090,L,NRubyVallyRd," D nw/se 6xlong ok
",Public Airports
505,40.66043333333333,-115.16085,6040,L,RubyCircles," Farmfields pckspot emergencyOk
",Public Airports
505,40.300016666666664,-115.4142,6000,L,RubyWashRd,"D e/w rd 6x300 U looksOkEmergency
",Public Airports
506,40.7728,-115.18635,6280,L,RubyFields," Farmfields pckSpot emergency
",Public Airports
507,38.212633333333336,-116.60806666666667,5730,L,6A DirtRd,"D 6xlong n/s ok
",Public Airports
508,40.80511666666666,-115.00608333333334,5600,L,93Pastures," open pasture livestck okEmrgency
",Public Airports
509,40.25521666666667,-114.7323,5880,L,Currie," ne/sw DroadThroughFld 1x150 okEmergency
",Public Airports
510,39.33968333333333,-115.91106666666667,6050,L,379DirtRd," nw/se 8x200Drd U looksokEmergency
",Public Airports
511,39.8593,-115.73401666666666,6000,L,StraberryFlds," farmFields U emergency
",Public Airports
512,35.1521,-115.18926666666667,4110,L,CampCalifornia,"E/W50x16D slope to E some emergency
",Public Airports
513,34.88923333333334,-115.09451666666666,4060,L,Goff2,"900x75G N/S wires w side emergency
",Public Airports
514,34.87335,-117.12668333333333,2246,L,Doghouse,"400x170pasture middle best ok
",Public Airports
515,34.84631666666667,-117.19923333333334,2245,L,Hinkley1,"150x60pasture slps some to east ok
",Public Airports
516,34.8643,-117.1833,2200,L,Hinkley2,"180x21pasture phonelines middle best ok
",Public Airports
517,35.56308333333333,-117.91711666666667,3089,L,RobRst,"N/S 100x7D temporary emrgncy
",Public Airports
